{"cameraMode":{"drawMode":0,"name":"Shaded","section":"Shading Mode"},"sceneLighting":false,"audioPlay":false,"sceneViewState":{"showFog":true,"showMaterialUpdate":false,"showSkybox":false,"showFlares":true,"showImageEffects":true,"showParticleSystems":true},"in2DMode":false,"pivot":{"x":39.130001068115237,"y":-0.3999999761581421,"z":-39.30500411987305},"rotation":{"x":0.6566708087921143,"y":-0.0022624449338763954,"z":0.0019700799603015186,"w":0.7541731595993042},"size":44.68651580810547,"orthographic":false}