{"cameraMode":{"drawMode":0,"name":"Shaded","section":"Shading Mode"},"sceneLighting":false,"audioPlay":false,"sceneViewState":{"showFog":true,"showMaterialUpdate":false,"showSkybox":false,"showFlares":true,"showImageEffects":true,"showParticleSystems":true},"in2DMode":false,"pivot":{"x":72.51194763183594,"y":1.4839626550674439,"z":-7.736109733581543},"rotation":{"x":-0.16364185512065888,"y":0.014211929403245449,"z":-0.0023646994959563019,"w":-0.9864206910133362},"size":3.855051279067993,"orthographic":false}