{"cameraMode":{"drawMode":0,"name":"Shaded","section":"Shading Mode"},"sceneLighting":false,"audioPlay":false,"sceneViewState":{"showFog":true,"showMaterialUpdate":false,"showSkybox":false,"showFlares":true,"showImageEffects":true,"showParticleSystems":true},"in2DMode":false,"pivot":{"x":68.22071838378906,"y":4.843255043029785,"z":-36.69871520996094},"rotation":{"x":0.24617484211921693,"y":0.2992517352104187,"z":-0.08021809905767441,"w":0.9183772206306458},"size":4.1479620933532719,"orthographic":false}