{"cameraMode":{"drawMode":0,"name":"Shaded","section":"Shading Mode"},"sceneLighting":false,"audioPlay":false,"sceneViewState":{"showFog":true,"showMaterialUpdate":false,"showSkybox":false,"showFlares":true,"showImageEffects":true,"showParticleSystems":true},"in2DMode":false,"pivot":{"x":72.79804992675781,"y":2.753962516784668,"z":-8.02389144897461},"rotation":{"x":0.5148500204086304,"y":-0.23139186203479768,"z":0.14665471017360688,"w":0.8123300075531006},"size":3.855051040649414,"orthographic":false}