{"cameraMode":{"drawMode":0,"name":"Shaded","section":"Shading Mode"},"sceneLighting":false,"audioPlay":false,"sceneViewState":{"showFog":true,"showMaterialUpdate":false,"showSkybox":false,"showFlares":true,"showImageEffects":true,"showParticleSystems":true},"in2DMode":false,"pivot":{"x":22.225000381469728,"y":34.0213737487793,"z":-48.32899856567383},"rotation":{"x":0.5148500204086304,"y":-0.23139186203479768,"z":0.14665471017360688,"w":0.8123300075531006},"size":0.12134001404047013,"orthographic":false}