{"cameraMode":{"drawMode":0,"name":"Shaded","section":"Shading Mode"},"sceneLighting":false,"audioPlay":false,"sceneViewState":{"showFog":true,"showMaterialUpdate":false,"showSkybox":false,"showFlares":true,"showImageEffects":true,"showParticleSystems":true},"in2DMode":false,"pivot":{"x":2.9802322387695315e-8,"y":0.7430406808853149,"z":-5.960464477539063e-8},"rotation":{"x":-0.4011596441268921,"y":0.22980570793151856,"z":-0.1046992838382721,"w":-0.8805109858512878},"size":0.9902197122573853,"orthographic":false}